Workbook

Sheet Table 1
A1: Table 1. NEO Embedding Factor Structures Using Transformer Averages for Macro Encoding.
A3: Facet | B3: O | C3: C | D3: E | E3: A | F3: N
A4: Ima | B4: 0.65 | C4: 0.15 | D4: 0.01 | E4: -0.1 | F4: 0.1
A5: Art | B5: 0.86 | C5: -0.26 | D5: 0.16 | E5: 0.19 | F5: -0.22
A6: Emo | B6: 0.42 | C6: -0.22 | D6: -0.11 | E6: 0.27 | F6: 0.53
A7: Adv | B7: 0.54 | C7: 0.16 | D7: 0.41 | E7: -0.24 | F7: -0.05
A8: Int | B8: 0.55 | C8: -0.01 | D8: 0.16 | E8: -0.03 | F8: 0.12
A9: Lib | B9: 0.53 | C9: -0.01 | D9: -0.09 | E9: 0.41 | F9: -0.1
A10: Sel | B10: -0.19 | C10: 0.65 | D10: -0.05 | E10: 0.13 | F10: 0.34
A11: Ord | B11: 0.24 | C11: 0.45 | D11: 0.3 | E11: -0.11 | F11: -0.06
A12: Dut | B12: -0.12 | C12: 0.72 | D12: -0.12 | E12: 0.57 | F12: -0.27
A13: Ach | B13: -0.13 | C13: 0.79 | D13: 0.11 | E13: 0.08 | F13: 0.02
A14: Sel | B14: -0.19 | C14: 0.85 | D14: 0.28 | E14: -0.27 | F14: 0.14
A15: Cau | B15: 0.25 | C15: 0.5 | D15: 0.1 | E15: -0.07 | F15: 0.1
... A33: Vul | B33: 0.03 | C33: 0.05 | D33: -0.18 | E33: -0.03 | F33: 1.02

Sheet Table 2
A1: Table 2. Congruence Between NEO Empirical and NEO Embedding Transformer Models.
B3: Atomic congruence | G3: Atomic reverse congruence | L3: Macro congruence | Q3: M
A4: Model | B4: O | C4: C | D4: E | E4: A | F4: N | G4: O | H4: C | I4: E | J4: A | K4: N | L4: O | M4: C | N4: E | O4: A | P4: N | Q4: M
A5: D_RoBERTa | B5: 0.68 | C5: 0.77 | D5: 0.66 | E5: 0.72 | F5: 0.76 | G5: 0.65 | H5: 0.84 | I5: 0.77 | J5: 0.46 | K5: 0.86 | L5: 0.76 | M5: 0.8 | N5: 0.57 | O5: 0.73 | P5: 0.73 | Q5: =IFERROR(AVERAGE(B5:P5),"NA")
A6: MiniLM | B6: 0.77 | C6: 0.71 | D6: NA | E6: NA | F6: 0.67 | G6: 0.47 | H6: NA | I6: 0.35 | J6: 0 | K6: NA | L6: 0.77 | M6: 0.77 | N6: 0.41 | O6: 0.74 | P6: 0.71 | Q6: =IFERROR(AVERAGE(B6:P6),"NA")
A7: MPNet | B7: 0.57 | C7: 0.77 | D7: 0.62 | E7: 0.73 | F7: 0.72 | G7: 0.78 | H7: 0.46 | I7: 0.74 | J7: 0.64 | K7: 0.83 | L7: 0.52 | M7: 0.8 | N7: 0.5 | O7: 0.73 | P7: 0.68 | Q7: =IFERROR(AVERAGE(B7:P7),"NA")
A8: T5 | B8: 0.76 | C8: 0.7 | D8: 0.63 | E8: 0.73 | F8: 0.74 | G8: 0.66 | H8: 0.55 | I8: 0.7 | J8: 0.5 | K8: 0.89 | L8: 0.69 | M8: 0.65 | N8: 0.48 | O8: 0.64 | P8: 0.44 | Q8: =IFERROR(AVERAGE(B8:P8),"NA")
A9: Wulff & Mata | B9: NA | C9: 0.73 | D9: 0.71 | E9: NA | F9: 0.75 | G9: 0.79 | H9: 0.79 | I9: 0.87 | J9: 0.9 | K9: 0.78 | L9: 0.8 | M9: 0.57 | N9: 0.6 | O9: 0.84 | P9: 0.63 | Q9: =IFERROR(AVERAGE(B9:P9),"NA")
A10: USE-DAN | B10: NA | C10: 0.75 | D10: NA | E10: 0.71 | F10: 0.73 | G10: 0.64 | H10: 0.56 | I10: 0.65 | J10: 0.58 | K10: 0.53 | L10: NA | M10: 0.75 | N10: 0.45 | O10: 0.71 | P10: NA | Q10: =IFERROR(AVERAGE(B10:P10),"NA")
A11: Transformers | B11: NA | C11: 0.76 | D11: 0.68 | E11: 0.75 | F11: NA | G11: 0.67 | H11: 0.77 | I11: 0.78 | J11: 0.78 | K11: 0.89 | L11: 0.76 | M11: 0.77 | N11: 0.61 | O11: 0.79 | P11: 0.74 | Q11: =IFERROR(AVERAGE(B11:P11),"NA")
A12: Overall M | B12: =IFERROR(AVERAGE(B5:B11),"NA") | C12: =IFERROR(AVERAGE(C5:C11),"NA") | D12: =IFERROR(AVERAGE(D5:D11),"NA") | E12: =IFERROR(AVERAGE(E5:E11),"NA") | F12: =IFERROR(AVERAGE(F5:F11),"NA") | G12: =IFERROR(AVERAGE(G5:G11),"NA") | H12: =IFERROR(AVERAGE(H5:H11),"NA") | I12: =IFERROR(AVERAGE(I5:I11),"NA") | ... P12: =IFERROR(AVERAGE(P5:P11),"NA") | Q12: =IFERROR(AVERAGE(B12:P12),"NA")

Sheet Table 3
A1: Table 3. Empirical Correlations Between NEO Empirical and NEO Embedding Transformer Models.
B3: Atomic correlations | G3: Atomic reverse correlations | L3: Macro correlations
A4: Empirical | B4: AO | C4: AC | D4: AE | E4: AA | F4: AN | G4: RO | H4: RC | I4: RE | J4: RA | K4: RN | L4: OO | M4: OC | N4: OE | O4: OA | P4: ON
A5: EO | B5: 0.16 | C5: -0.3 | D5: -0.18 | E5: 0.25 | F5: 0.08 | G5: 0.57 | H5: -0.01 | I5: 0.47 | J5: 0.03 | K5: -0.02 | L5: 0.69 | M5: -0.34 | N5: -0.17 | O5: -0.01 | P5: -0.2
A6: EC | B6: -0.45 | C6: 0.72 | D6: 0.01 | E6: -0.15 | F6: -0.56 | G6: -0.09 | H6: 0.73 | I6: -0.04 | J6: 0 | K6: -0.55 | L6: -0.38 | M6: 0.72 | N6: 0.11 | O6: -0.11 | P6: -0.33
A7: EE | B7: -0.46 | C7: -0.28 | D7: 0.64 | E7: 0.07 | F7: -0.22 | G7: 0.33 | H7: 0.15 | I7: 0.76 | J7: -0.12 | K7: -0.33 | L7: 0.04 | M7: -0.2 | N7: 0.56 | O7: 0.05 | P7: -0.38
A8: EA | B8: -0.45 | C8: -0.01 | D8: -0.2 | E8: 0.67 | F8: 0.21 | G8: -0.14 | H8: 0.35 | I8: -0.34 | J8: 0.75 | K8: -0.38 | L8: -0.19 | M8: -0.07 | N8: -0.17 | O8: 0.74 | P8: -0.3
A9: EN | B9: 0.72 | C9: -0.32 | D9: -0.27 | E9: -0.22 | F9: 0.62 | G9: 0.11 | H9: -0.54 | I9: -0.29 | J9: -0.3 | K9: 0.89 | L9: 0.06 | M9: -0.38 | N9: -0.32 | O9: -0.13 | P9: 0.74

Sheet Table 4
A1: Table 4. HEXACO Embedding Factor Structures Using Transformer Averages for Atomic Encoding.
A3: Facet | B3: H | C3: E | D3: X | E3: A | F3: C | G3: O
A4: Sinc | B4: 0.79 | C4: 0.07 | D4: 0.11 | E4: 0.01 | F4: 0.13 | G4: -0.19
A5: Fair | B5: 0.59 | C5: 0.08 | D5: -0.31 | E5: 0.19 | F5: 0.36 | G5: -0.04
A6: Gree | B6: 0.72 | C6: -0.04 | D6: -0.02 | E6: -0.08 | F6: 0.14 | G6: 0.16
A7: Mode | B7: 0.73 | C7: -0.07 | D7: 0.19 | E7: -0.05 | F7: -0.05 | G7: 0.13
A8: Fear | B8: 0.02 | C8: 0.16 | D8: 0.29 | E8: -0.06 | F8: 0.22 | G8: 0.22
A9: Anxi | B9: -0.35 | C9: 0.51 | D9: 0.26 | E9: 0.17 | F9: 0.39 | G9: -0.03
A10: Depe | B10: 0.35 | C10: 0.42 | D10: 0.2 | E10: -0.13 | F10: 0.17 | G10: -0.09
A11: Sent | B11: 0.04 | C11: 1.13 | D11: -0.04 | E11: -0.07 | F11: -0.18 | G11: 0.04
A12: Expr | B12: 0 | C12: 0.21 | D12: 0.83 | E12: 0.01 | F12: -0.15 | G12: 0.01
A13: SocB | B13: 0.09 | C13: 0.11 | D13: 0.98 | E13: -0.12 | F13: -0.18 | G13: 0.07
A14: Soci | B14: 0.04 | C14: 0.19 | D14: 0.74 | E14: 0.18 | F14: -0.25 | G14: -0.01
A15: Live | B15: -0.15 | C15: 0.21 | D15: 0.64 | E15: 0.04 | F15: 0.23 | G15: -0.09
... A27: Unco | B27: 0.31 | C27: -0.12 | D27: 0.07 | E27: 0.09 | F27: -0.05 | G27: 0.58

Sheet Table 5
A1: Table 5. Congruence Between HEXACO Empirical and HEXACO Embedding Transformer Models.
B3: Atomic congruence | H3: Atomic reverse congruence | N3: Macro congruence | T3: M
A4: Model | B4: H | C4: E | D4: X | E4: A | F4: C | G4: O | H4: H | I4: E | J4: X | K4: A | L4: C | M4: O | N4: H | O4: E | P4: X | Q4: A | R4: C | S4: O | T4: M
A5: D_RoBERTa | B5: 0.74 | C5: 0.47 | D5: 0.67 | E5: 0.7 | F5: 0.91 | G5: 0.78 | H5: 0.63 | I5: 0.58 | J5: 0.76 | K5: 0.75 | L5: 0.83 | M5: 0.72 | N5: 0.82 | O5: NA | P5: 0.66 | Q5: NA | R5: 0.89 | S5: 0.76 | T5: =IFERROR(AVERAGE(B5:S5),"NA")
A6: MiniLM | B6: 0.69 | C6: 0.46 | D6: 0.71 | E6: 0.68 | F6: 0.88 | G6: 0.72 | H6: 0.58 | I6: 0.54 | J6: 0.58 | K6: NA | L6: 0.53 | M6: NA | N6: 0.71 | O6: 0.5 | P6: 0.79 | Q6: 0.62 | R6: 0.92 | S6: 0.74 | T6: =IFERROR(AVERAGE(B6:S6),"NA")
A7: MPNet | B7: 0.71 | C7: 0.45 | D7: 0.54 | E7: 0.81 | F7: 0.86 | G7: 0.76 | H7: 0.63 | I7: 0.63 | J7: 0.77 | K7: 0.79 | L7: 0.86 | M7: 0.38 | N7: 0.72 | O7: 0.57 | P7: 0.64 | Q7: 0.71 | R7: 0.89 | S7: 0.74 | T7: =IFERROR(AVERAGE(B7:S7),"NA")
A8: T5 | B8: 0.75 | C8: NA | D8: NA | E8: 0.78 | F8: 0.89 | G8: 0.7 | H8: 0.66 | I8: 0.69 | J8: 0.81 | K8: 0.72 | L8: 0.71 | M8: 0.62 | N8: 0.74 | O8: NA | P8: NA | Q8: 0.78 | R8: 0.9 | S8: 0.78 | T8: =IFERROR(AVERAGE(B8:S8),"NA")
A9: Wulff & Mata | B9: 0.73 | C9: 0.66 | D9: 0.79 | E9: 0.84 | F9: 0.85 | G9: 0.73 | H9: 0.93 | I9: 0.83 | J9: 0.81 | K9: 0.85 | L9: 0.94 | M9: 0.78 | N9: 0.81 | O9: 0.55 | P9: 0.84 | Q9: 0.8 | R9: 0.83 | S9: 0.65 | T9: =IFERROR(AVERAGE(B9:S9),"NA")
A10: USE-DAN | B10: 0.78 | C10: 0.49 | D10: 0.66 | E10: 0.73 | F10: 0.86 | G10: 0.6 | H10: 0.67 | I10: 0.43 | J10: 0.78 | K10: 0.72 | L10: 0.79 | M10: 0.5 | N10: 0.7 | O10: 0.56 | P10: NA | Q10: 0.74 | R10: 0.84 | S10: NA | T10: =IFERROR(AVERAGE(B10:S10),"NA")
A11: Transformers | B11: 0.86 | C11: 0.73 | D11: 0.8 | E11: 0.88 | F11: 0.91 | G11: 0.82 | H11: 0.7 | I11: 0.81 | J11: 0.76 | K11: 0.8 | L11: 0.9 | M11: 0.46 | N11: 0.84 | O11: 0.49 | P11: 0.8 | Q11: 0.79 | R11: 0.92 | S11: 0.75 | T11: =IFERROR(AVERAGE(B11:S11),"NA")
A12: Overall M | B12: =IFERROR(AVERAGE(B5:B11),"NA") | C12: =IFERROR(AVERAGE(C5:C11),"NA") | D12: =IFERROR(AVERAGE(D5:D11),"NA") | E12: =IFERROR(AVERAGE(E5:E11),"NA") | F12: =IFERROR(AVERAGE(F5:F11),"NA") | G12: =IFERROR(AVERAGE(G5:G11),"NA") | H12: =IFERROR(AVERAGE(H5:H11),"NA") | I12: =IFERROR(AVERAGE(I5:I11),"NA") | ... S12: =IFERROR(AVERAGE(S5:S11),"NA") | T12: =IFERROR(AVERAGE(B12:S12),"NA")

Sheet Table 6
A1: Table 6. Correlations Between HEXACO Empirical and HEXACO Embedding Transformer Models.
B3: Atomic correlations | H3: Atomic reverse correlations | N3: Macro correlations
A4: Empirical | B4: AH | C4: AE | D4: AX | E4: AA | F4: AC | G4: AO | H4: RH | I4: RE | J4: RX | K4: RA | L4: RC | M4: RO | N4: OH | O4: OE | P4: OX | Q4: OA | R4: OC | S4: OO
A5: EH | B5: 0.82 | C5: -0.2 | D5: -0.4 | E5: -0.11 | F5: 0.04 | G5: -0.13 | H5: 0.69 | I5: -0.07 | J5: -0.41 | K5: 0.15 | L5: 0.04 | M5: -0.53 | N5: 0.79 | O5: -0.36 | P5: -0.37 | Q5: -0.12 | R5: 0.03 | S5: -0.08
A6: EE | B6: -0.08 | C6: 0.69 | D6: -0.05 | E6: -0.19 | F6: -0.01 | G6: -0.18 | H6: -0.02 | I6: 0.82 | J6: -0.43 | K6: -0.27 | L6: -0.25 | M6: 0.21 | N6: -0.18 | O6: 0.38 | P6: -0.16 | Q6: 0.17 | R6: -0.21 | S6: 0.16
A7: EX | B7: -0.19 | C7: 0.12 | D7: 0.76 | E7: -0.14 | F7: -0.41 | G7: -0.12 | H7: -0.51 | I7: -0.25 | J7: 0.74 | K7: -0.01 | L7: -0.21 | M7: 0.55 | N7: -0.22 | O7: -0.15 | P7: 0.76 | Q7: -0.08 | R7: -0.35 | S7: -0.07
A8: EA | B8: -0.06 | C8: -0.29 | D8: -0.2 | E8: 0.86 | F8: -0.27 | G8: -0.19 | H8: 0.07 | I8: -0.44 | J8: 0.01 | K8: 0.79 | L8: -0.23 | M8: -0.28 | N8: -0.05 | O8: 0.14 | P8: -0.18 | Q8: 0.75 | R8: -0.18 | S8: -0.39
A9: EC | B9: 0.07 | C9: 0.03 | D9: -0.42 | E9: -0.32 | F9: 0.88 | G9: -0.15 | H9: 0.13 | I9: -0.23 | J9: -0.46 | K9: -0.35 | L9: 0.91 | M9: -0.07 | N9: 0.05 | O9: -0.39 | P9: -0.42 | Q9: -0.24 | R9: 0.9 | S9: -0.15
A10: EO | B10: -0.11 | C10: -0.18 | D10: -0.12 | E10: -0.24 | F10: -0.24 | G10: 0.78 | H10: -0.29 | I10: -0.06 | J10: 0.55 | K10: -0.21 | L10: -0.01 | M10: 0.3 | N10: -0.05 | O10: 0 | P10: 0.01 | Q10: -0.45 | R10: -0.14 | S10: 0.69

Sheet Table 7
A1: Table 7. NEO Robustness Analysis.
A3: Perturbation step | B3: N | C3: E | D3: O | E3: A | F3: C | G3: R
A4: Baseline | B4: 1 | C4: 1 | D4: 1 | E4: 1 | F4: 1 | G4: =SUM(B4:F4)
A5: N replaced | B5: 0 | C5: 1 | D5: 1 | E5: 1 | F5: 1 | G5: =SUM(B5:F5)
A6: N + E replaced | B6: 0 | C6: 0 | D6: 1 | E6: 1 | F6: 1 | G6: =SUM(B6:F6)
A7: N + E + O replaced | B7: 0 | C7: 0 | D7: 0 | E7: 1 | F7: 1 | G7: =SUM(B7:F7)
A8: N + E + O + A replaced | B8: 0 | C8: 0 | D8: 0 | E8: 0 | F8: 1 | G8: =SUM(B8:F8)
A9: All replaced | B9: 0 | C9: 0 | D9: 0 | E9: 0 | F9: 0 | G9: =SUM(B9:F9)

Sheet Table 8
A1: Table 8. HEXACO Robustness Analysis.
A3: Perturbation step | B3: H | C3: E | D3: X | E3: A | F3: C | G3: O | H3: R
A4: Baseline | B4: 1 | C4: 1 | D4: 1 | E4: 1 | F4: 1 | G4: 1 | H4: =SUM(B4:G4)
A5: H replaced | B5: 0 | C5: 1 | D5: 1 | E5: 1 | F5: 1 | G5: 1 | H5: =SUM(B5:G5)
A6: H + E replaced | B6: 0 | C6: 0 | D6: 1 | E6: 1 | F6: 1 | G6: 1 | H6: =SUM(B6:G6)
A7: H + E + X replaced | B7: 0 | C7: 0 | D7: 0 | E7: 1 | F7: 1 | G7: 1 | H7: =SUM(B7:G7)
A8: H + E + X + A replaced | B8: 0 | C8: 0 | D8: 0 | E8: 0 | F8: 1 | G8: 1 | H8: =SUM(B8:G8)
A9: H + E + X + A + C replaced | B9: 1 | C9: 0 | D9: 0 | E9: 0 | F9: 0 | G9: 1 | H9: =SUM(B9:G9)
A10: All replaced | B10: 1 | C10: 0 | D10: 0 | E10: 0 | F10: 0 | G10: 0 | H10: =SUM(B10:G10)

Sheet Table S1
A1: Table S1. NEO structure recovery: proportion of factors aligned.
A3: Model | B3: Atomic | C3: AtomicR | D3: Macro
A4: D_RoBERTa | B4: =AVERAGE('Table S2'!B4:F4) | C4: =AVERAGE('Table S2'!G4:K4) | D4: =AVERAGE('Table S2'!L4:P4)
A5: MiniLM | B5: =AVERAGE('Table S2'!B5:F5) | C5: =AVERAGE('Table S2'!G5:K5) | D5: =AVERAGE('Table S2'!L5:P5)
A6: MPNet | B6: =AVERAGE('Table S2'!B6:F6) | C6: =AVERAGE('Table S2'!G6:K6) | D6: =AVERAGE('Table S2'!L6:P6)
A7: T5 | B7: =AVERAGE('Table S2'!B7:F7) | C7: =AVERAGE('Table S2'!G7:K7) | D7: =AVERAGE('Table S2'!L7:P7)
A8: Wulff & Mata | B8: =AVERAGE('Table S2'!B8:F8) | C8: =AVERAGE('Table S2'!G8:K8) | D8: =AVERAGE('Table S2'!L8:P8)
A9: USE-DAN | B9: =AVERAGE('Table S2'!B9:F9) | C9: =AVERAGE('Table S2'!G9:K9) | D9: =AVERAGE('Table S2'!L9:P9)
A10: Transformers | B10: =AVERAGE('Table S2'!B10:F10) | C10: =AVERAGE('Table S2'!G10:K10) | D10: =AVERAGE('Table S2'!L10:P10)
A11: Overall M | B11: =AVERAGE(B4:B10) | C11: =AVERAGE(C4:C10) | D11: =AVERAGE(D4:D10)

Sheet Table S2
A1: Table S2. NEO factor recovery (1 = aligned).
A3: Model | B3: O (Atomic) | C3: C (Atomic) | D3: E (Atomic) | E3: A (Atomic) | F3: N (Atomic) | G3: O (AtomicR) | H3: C (AtomicR) | I3: E (AtomicR) | J3: A (AtomicR) | K3: N (AtomicR) | L3: O (Macro) | M3: C (Macro) | N3: E (Macro) | O3: A (Macro) | P3: N (Macro) | Q3: M
A4: D_RoBERTa | B4: 1 | C4: 1 | D4: 1 | E4: 1 | F4: 1 | G4: 1 | H4: 1 | I4: 1 | J4: 1 | K4: 1 | L4: 1 | M4: 1 | N4: 1 | O4: 1 | P4: 1 | Q4: =AVERAGE(B4:P4)
A5: MiniLM | B5: 1 | C5: 1 | D5: 0 | E5: 0 | F5: 1 | G5: 1 | H5: 0 | I5: 1 | J5: 1 | K5: 0 | L5: 1 | M5: 1 | N5: 1 | O5: 1 | P5: 1 | Q5: =AVERAGE(B5:P5)
A6: MPNet | B6: 1 | C6: 1 | D6: 1 | E6: 1 | F6: 1 | G6: 1 | H6: 1 | I6: 1 | J6: 1 | K6: 1 | L6: 1 | M6: 1 | N6: 1 | O6: 1 | P6: 1 | Q6: =AVERAGE(B6:P6)
A7: T5 | B7: 1 | C7: 1 | D7: 1 | E7: 1 | F7: 1 | G7: 1 | H7: 1 | I7: 1 | J7: 1 | K7: 1 | L7: 1 | M7: 1 | N7: 1 | O7: 1 | P7: 1 | Q7: =AVERAGE(B7:P7)
A8: Wulff & Mata | B8: 0 | C8: 1 | D8: 1 | E8: 0 | F8: 1 | G8: 1 | H8: 1 | I8: 1 | J8: 1 | K8: 1 | L8: 1 | M8: 1 | N8: 1 | O8: 1 | P8: 1 | Q8: =AVERAGE(B8:P8)
A9: USE-DAN | B9: 0 | C9: 1 | D9: 0 | E9: 1 | F9: 1 | G9: 1 | H9: 1 | I9: 1 | J9: 1 | K9: 1 | L9: 0 | M9: 1 | N9: 1 | O9: 1 | P9: 0 | Q9: =AVERAGE(B9:P9)
A10: Transformers | B10: 0 | C10: 1 | D10: 1 | E10: 1 | F10: 0 | G10: 1 | H10: 1 | I10: 1 | J10: 1 | K10: 1 | L10: 1 | M10: 1 | N10: 1 | O10: 1 | P10: 1 | Q10: =AVERAGE(B10:P10)
A11: Overall M | B11: =AVERAGE(B4:B10) | C11: =AVERAGE(C4:C10) | D11: =AVERAGE(D4:D10) | E11: =AVERAGE(E4:E10) | F11: =AVERAGE(F4:F10) | G11: =AVERAGE(G4:G10) | H11: =AVERAGE(H4:H10) | I11: =AVERAGE(I4:I10) | ... Q11: =AVERAGE(Q4:Q10)

Sheet Table S3
A1: Table S3. HEXACO structure recovery: proportion of factors aligned.
A3: Model | B3: Atomic | C3: AtomicR | D3: Macro
A4: D_RoBERTa | B4: =AVERAGE('Table S4'!B4:G4) | C4: =AVERAGE('Table S4'!H4:M4) | D4: =AVERAGE('Table S4'!N4:S4)
A5: MiniLM | B5: =AVERAGE('Table S4'!B5:G5) | C5: =AVERAGE('Table S4'!H5:M5) | D5: =AVERAGE('Table S4'!N5:S5)
A6: MPNet | B6: =AVERAGE('Table S4'!B6:G6) | C6: =AVERAGE('Table S4'!H6:M6) | D6: =AVERAGE('Table S4'!N6:S6)
A7: T5 | B7: =AVERAGE('Table S4'!B7:G7) | C7: =AVERAGE('Table S4'!H7:M7) | D7: =AVERAGE('Table S4'!N7:S7)
A8: Wulff & Mata | B8: =AVERAGE('Table S4'!B8:G8) | C8: =AVERAGE('Table S4'!H8:M8) | D8: =AVERAGE('Table S4'!N8:S8)
A9: USE-DAN | B9: =AVERAGE('Table S4'!B9:G9) | C9: =AVERAGE('Table S4'!H9:M9) | D9: =AVERAGE('Table S4'!N9:S9)
A10: Transformers | B10: =AVERAGE('Table S4'!B10:G10) | C10: =AVERAGE('Table S4'!H10:M10) | D10: =AVERAGE('Table S4'!N10:S10)
A11: Overall M | B11: =AVERAGE(B4:B10) | C11: =AVERAGE(C4:C10) | D11: =AVERAGE(D4:D10)

Sheet Table S4
A1: Table S4. HEXACO factor recovery (1 = aligned).
A3: Model | B3: H (Atomic) | C3: E (Atomic) | D3: X (Atomic) | E3: A (Atomic) | F3: C (Atomic) | G3: O (Atomic) | H3: H (AtomicR) | I3: E (AtomicR) | J3: X (AtomicR) | K3: A (AtomicR) | L3: C (AtomicR) | M3: O (AtomicR) | N3: H (Macro) | O3: E (Macro) | P3: X (Macro) | Q3: A (Macro) | R3: C (Macro) | S3: O (Macro) | T3: M
A4: D_RoBERTa | B4: 1 | C4: 1 | D4: 1 | E4: 1 | F4: 1 | G4: 1 | H4: 1 | I4: 1 | J4: 1 | K4: 1 | L4: 1 | M4: 1 | N4: 1 | O4: 0 | P4: 1 | Q4: 0 | R4: 1 | S4: 1 | T4: =AVERAGE(B4:S4)
A5: MiniLM | B5: 1 | C5: 1 | D5: 1 | E5: 1 | F5: 1 | G5: 1 | H5: 1 | I5: 1 | J5: 1 | K5: 0 | L5: 1 | M5: 0 | N5: 1 | O5: 1 | P5: 1 | Q5: 1 | R5: 1 | S5: 1 | T5: =AVERAGE(B5:S5)
A6: MPNet | B6: 1 | C6: 1 | D6: 1 | E6: 1 | F6: 1 | G6: 1 | H6: 1 | I6: 1 | J6: 1 | K6: 1 | L6: 1 | M6: 1 | N6: 1 | O6: 1 | P6: 1 | Q6: 1 | R6: 1 | S6: 1 | T6: =AVERAGE(B6:S6)
A7: T5 | B7: 1 | C7: 0 | D7: 0 | E7: 1 | F7: 1 | G7: 1 | H7: 1 | I7: 1 | J7: 1 | K7: 1 | L7: 1 | M7: 1 | N7: 1 | O7: 0 | P7: 0 | Q7: 1 | R7: 1 | S7: 1 | T7: =AVERAGE(B7:S7)
A8: Wulff & Mata | B8: 1 | C8: 1 | D8: 1 | E8: 1 | F8: 1 | G8: 1 | H8: 1 | I8: 1 | J8: 1 | K8: 1 | L8: 1 | M8: 1 | N8: 1 | O8: 1 | P8: 1 | Q8: 1 | R8: 1 | S8: 1 | T8: =AVERAGE(B8:S8)
A9: USE-DAN | B9: 1 | C9: 1 | D9: 1 | E9: 1 | F9: 1 | G9: 1 | H9: 1 | I9: 1 | J9: 1 | K9: 1 | L9: 1 | M9: 1 | N9: 1 | O9: 1 | P9: 0 | Q9: 1 | R9: 1 | S9: 0 | T9: =AVERAGE(B9:S9)
A10: Transformers | B10: 1 | C10: 1 | D10: 1 | E10: 1 | F10: 1 | G10: 1 | H10: 1 | I10: 1 | J10: 1 | K10: 1 | L10: 1 | M10: 1 | N10: 1 | O10: 1 | P10: 1 | Q10: 1 | R10: 1 | S10: 1 | T10: =AVERAGE(B10:S10)
A11: Overall M | B11: =AVERAGE(B4:B10) | C11: =AVERAGE(C4:C10) | D11: =AVERAGE(D4:D10) | E11: =AVERAGE(E4:E10) | F11: =AVERAGE(F4:F10) | G11: =AVERAGE(G4:G10) | H11: =AVERAGE(H4:H10) | I11: =AVERAGE(I4:I10) | ... T11: =AVERAGE(T4:T10)

Sheet Text values
A1: Numbers quoted in the text
A3: Study | B3: Quantity | C3: Value | D3: Which / source
A4: NEO | B4: Mean proportion of factors aligned (Overall M of the structure-recovery table), atomic / atomic reversed / macro | C4: =TEXT('Table S1'!B11,"0%")&" / "&TEXT('Table S1'!C11,"0%")&" / "&TEXT('Table S1'!D11,"0%")
A5: NEO | B5: Best individual transformer, alignment rate per encoding (atomic / atomic reversed / macro) | C5: =TEXT(MAX('Table S1'!B4:B8),"0%")&" / "&TEXT(MAX('Table S1'!C4:C8),"0%")&" / "&TEXT(MAX('Table S1'!D4:D8),"0%")
A6: NEO | B6: Worst individual transformer, lowest alignment rate in any encoding | C6: =TEXT(MIN('Table S1'!B4:D8),"0%")
A7: NEO | B7: USE-DAN alignment rates, range over encodings | C7: =TEXT(MIN('Table S1'!B9:D9),"0%")&" to "&TEXT(MAX('Table S1'!B9:D9),"0%")
A8: NEO | B8: Lowest alignment rate for a specific factor (over the 7 solutions) | C8: =TEXT(MIN('Table S2'!B11:P11),"0%") | D8: O (atomic)
A9: NEO | B9: All other specific-factor alignment rates at least | C9: =TEXT(SMALL('Table S2'!B11:P11,COUNTIF('Table S2'!B11:P11,MIN('Table S2'!B11:P11))+1),"0%")
A10: NEO | B10: Encoding(s) with the highest mean alignment rate | D10: Atomic reversed, Macro
A11: NEO | B11: Residuals of the printed solution: RMSR / median |residual| / % over .05 / % over .10 | C11: 0.023 / 0.014 / 4.4% / 0.0% | D11: residuals.csv
A12: NEO | B12: Robustness: factors aligned in the all-noise matrix at DAAL floor .30 / .35 | C12: 1 / 0 | D12: robustness.csv
A13: HEXACO | B13: Mean proportion of factors aligned (Overall M of the structure-recovery table), atomic / atomic reversed / macro | C13: =TEXT('Table S3'!B11,"0%")&" / "&TEXT('Table S3'!C11,"0%")&" / "&TEXT('Table S3'!D11,"0%")
A14: HEXACO | B14: Best individual transformer, alignment rate per encoding (atomic / atomic reversed / macro) | C14: =TEXT(MAX('Table S3'!B4:B8),"0%")&" / "&TEXT(MAX('Table S3'!C4:C8),"0%")&" / "&TEXT(MAX('Table S3'!D4:D8),"0%")
A15: HEXACO | B15: Worst individual transformer, lowest alignment rate in any encoding | C15: =TEXT(MIN('Table S3'!B4:D8),"0%")
A16: HEXACO | B16: USE-DAN alignment rates, range over encodings | C16: =TEXT(MIN('Table S3'!B9:D9),"0%")&" to "&TEXT(MAX('Table S3'!B9:D9),"0%")
A17: HEXACO | B17: Lowest alignment rate for a specific factor (over the 7 solutions) | C17: =TEXT(MIN('Table S4'!B11:S11),"0%") | D17: E (macro), X (macro)
A18: HEXACO | B18: All other specific-factor alignment rates at least | C18: =TEXT(SMALL('Table S4'!B11:S11,COUNTIF('Table S4'!B11:S11,MIN('Table S4'!B11:S11))+1),"0%")
A19: HEXACO | B19: Encoding(s) with the highest mean alignment rate | D19: Atomic, Atomic reversed
A20: HEXACO | B20: Residuals of the printed solution: RMSR / median |residual| / % over .05 / % over .10 | C20: 0.018 / 0.009 / 1.4% / 0.0% | D20: residuals.csv
A21: HEXACO | B21: Robustness: factors aligned in the all-noise matrix at DAAL floor .30 / .35 | C21: 2 / 1 | D21: robustness.csv
